{"NN": {":": 0.0216310882, ",": 0.3710012239, ".": 0.4784466728, "?": 0.0346814165, "!": 0.0625874812, "...": 0.0257896125, ";": 0.005862505}, "NNP": {",": 0.4666970963, ".": 0.3109265826, "?": 0.0667462519, "!": 0.0729609213, "...": 0.0477160212, ";": 0.0062146694, ":": 0.0287384572}, "DT": {",": 0.319740028, ".": 0.3588632598, "...": 0.0916273735, "?": 0.1123996432, "!": 0.106410093, ":": 0.0054798012, ";": 0.0054798012}, "VBZ": {".": 0.3768855883, ",": 0.3420747273, ":": 0.0652123463, "!": 0.0916686006, "?": 0.0368995126, "...": 0.0837781388, ";": 0.0034810861}, "VBN": {",": 0.3709800501, ".": 0.510083942, "?": 0.048838984, "!": 0.0358661289, ";": 0.0054507795, "...": 0.0210400087, ":": 0.0077401068}, "IN": {".": 0.3510752165, "?": 0.0981804028, ",": 0.3820180987, "...": 0.0878661088, "!": 0.0640264669, ";": 0.0069086309, ":": 0.0099250754}, "CC": {"...": 0.4477351916, ",": 0.4895470383, "?": 0.0150987224, ":": 0.0087108014, ".": 0.0145180023, "!": 0.0232288037, ";": 0.0011614402}, "VBD": {",": 0.4468195676, ".": 0.4945953437, "...": 0.0195745565, "?": 0.0131998337, ";": 0.0053700111, "!": 0.0134423503, ":": 0.006998337}, "VBG": {",": 0.3342424242, ".": 0.4839393939, "?": 0.0833333333, "!": 0.0593939394, "...": 0.03, ":": 0.0034848485, ";": 0.0056060606}, "PRP$": {",": 0.1972375691, "!": 0.0690607735, ".": 0.6027624309, "...": 0.0801104972, "?": 0.0359116022, ":": 0.0060773481, ";": 0.008839779}, "WRB": {"?": 0.4468704512, ".": 0.1877729258, ",": 0.2197962154, "!": 0.0451237263, "...": 0.0975254731, ";": 0.0029112082}, "PRP": {",": 0.3155643677, ".": 0.4573289902, "?": 0.0926780909, "!": 0.0717462116, "...": 0.054015012, ";": 0.0062030874, ":": 0.0024642402}, "RB": {",": 0.4345490237, "?": 0.0666597789, ".": 0.3907841719, "!": 0.0559355305, "...": 0.0444260771, ":": 0.00332679, ";": 0.004318628}, "JJ": {".": 0.3821271547, ",": 0.372740596, "...": 0.0393956312, "!": 0.13629702, ":": 0.0246004606, "?": 0.0394305255, ";": 0.0054086119}, "``": {"...": 0.6571428571, ".": 0.0256410256, ",": 0.3084249084, "!": 0.0036630037, "?": 0.0043956044, ":": 0.0007326007}, "NNS": {".": 0.466418258, ",": 0.4127619935, "?": 0.0302126999, "!": 0.0297469337, ":": 0.0263002639, "...": 0.0268281323, ";": 0.0077317187}, "''": {".": 0.4733790195, ",": 0.2915129151, "...": 0.1180811808, "!": 0.0263574064, "?": 0.0785450712, ":": 0.0115972588, ";": 0.0005271481}, "POS": {"?": 0.1294559099, ".": 0.478424015, ",": 0.2645403377, "...": 0.0544090056, "!": 0.0637898687, ";": 0.0075046904, ":": 0.0018761726}, "RP": {",": 0.3684051398, ".": 0.4861678005, "?": 0.0471655329, "...": 0.020861678, "!": 0.0715041572, ";": 0.0037792895, ":": 0.0021164021}, "VB": {",": 0.2964158198, ".": 0.416163142, "?": 0.1484482285, "!": 0.0775199121, "...": 0.0479263938, ":": 0.007690195, ";": 0.0058363087}, "TO": {".": 0.4675925926, "...": 0.1469907407, ",": 0.2476851852, "!": 0.0555555556, "?": 0.0775462963, ";": 0.0023148148, ":": 0.0023148148}, "UH": {".": 0.1064638783, ",": 0.6874886837, "!": 0.1502806446, "...": 0.0423682781, "?": 0.0123121492, ";": 0.0010863661}, "VBP": {",": 0.344201211, "?": 0.0492159603, ".": 0.3429591678, "...": 0.1159757802, "!": 0.1209439528, ":": 0.020027946, ";": 0.006675982}, "JJR": {",": 0.3778979907, ".": 0.4350850077, "?": 0.0672333849, "!": 0.0672333849, "...": 0.044049459, ":": 0.0054095827, ";": 0.0030911901}, "WP": {",": 0.1722595078, "?": 0.6293810589, ".": 0.0425055928, "!": 0.0872483221, ":": 0.0029828486, "...": 0.0574198359, ";": 0.0082028337}, "WDT": {".": 0.4408602151, ",": 0.3279569892, "...": 0.0913978495, "?": 0.0376344086, "!": 0.0913978495, ";": 0.0107526882}, "CD": {":": 0.1188650307, ",": 0.4022239264, ".": 0.3213190184, "?": 0.0414110429, "!": 0.0598159509, "...": 0.0421779141, ";": 0.0141871166}, "MD": {",": 0.3482309125, ".": 0.45716946, "...": 0.0931098696, "!": 0.0791433892, "?": 0.02141527, ":": 0.0009310987}, "RBR": {",": 0.3549862763, ".": 0.5754803294, "?": 0.0137236962, "...": 0.0292772187, "!": 0.0173833486, ";": 0.0064043916, ":": 0.0027447392}, "EX": {",": 0.281512605, "?": 0.2394957983, "!": 0.2100840336, "...": 0.1344537815, ".": 0.1218487395, ";": 0.0042016807, ":": 0.0084033613}, "JJS": {".": 0.3684210526, ",": 0.5092460882, "...": 0.0284495021, "?": 0.0341394026, ":": 0.0071123755, "!": 0.0483641536, ";": 0.0042674253}, "NNPS": {"...": 0.0519480519, ".": 0.3993506494, ":": 0.1266233766, ",": 0.1980519481, "!": 0.1948051948, "?": 0.025974026, ";": 0.0032467532}, "FW": {"!": 0.329218107, "?": 0.29218107, ".": 0.2119341564, "...": 0.121399177, ",": 0.0452674897}, "RBS": {"...": 0.0357142857, ".": 0.5535714286, ",": 0.3035714286, "!": 0.0357142857, ":": 0.0535714286, "?": 0.0178571429}}